Player,May15,May16,May17,May18,May19,May20,May21,May22,May23,May24
Bruno Fernandes,152,147,88,28,76,182,132,39,134,153
Marcus Rashford,78,158,64,41,92,171,496,107,98,101
Rasmus HÃ¸jlund,53,69,93,20,132,151,73,29,27,47
Kobbie Mainoo,77,70,111,24,51,119,101,35,34,99
Lisandro Martinez,45,51,38,19,102,134,75,27,38,65
Andre Onana,25,19,38,24,30,95,75,19,14,51
Diogo Dalot,8,46,13,7,51,110,82,13,104,37
Luke Shaw,8,65,30,14,52,104,152,35,58,50
Mason Mount,5,33,48,24,36,104,43,33,13,52
Alejandro Garnacho,63,106,73,25,105,153,94,38,28,57
Antony,109,167,67,40,27,89,91,33,51,51
Jadon Sancho,13,42,25,28,8,73,103,24,31,53
Scott McTominay,40,27,35,14,52,105,51,12,22,70
Casemiro,80,99,54,64,113,134,103,45,67,175
Victor Lindelof,0,29,11,8,17,77,29,16,17,14
Harry Maguire,8,30,28,9,32,141,81,32,40,48
Raphael Varane,25,61,21,16,46,42,40,15,19,40
Jonny Evans,15,28,7,5,23,55,26,12,9,35
Aaron Wan-Bissaka,24,42,13,13,40,67,40,6,27,48
Altay Bayindir,1,3,0,1,1,15,17,3,1,2
Tom Heaton,0,3,1,0,0,20,8,1,0,5
Tyrell Malacia,1,27,14,9,16,48,30,5,23,10
Willy Kambwala,14,9,7,10,15,43,22,9,4,9
Sofyan Amrabat,84,74,18,13,69,35,26,6,9,58
Christian Eriksen,11,24,17,11,9,53,33,5,13,38
Amad Diallo,222,233,104,29,70,123,63,15,19,44
Donny Van de Beek,4,8,22,25,2,37,24,0,5,8
Anthony Martial,86,85,37,26,14,49,44,34,63,36
